beta0,beta1,beta2,beta3,lambda0,lambda1
17.60895714363764,263.7712891095857,-35.30498127662008,-42.993968179820655,2.0117977154662737e-05,8.137396761341627
