beta0,beta1,beta2,beta3,lambda0,lambda1
22.27126250361065,381.8303812678296,-438.7452248391886,283.2354925645051,8.070710770351727,9.073268667851239e-05
