beta0,beta1,beta2,beta3,lambda0,lambda1
15.623046338501979,-2.560332852945504,-0.1720995064737333,0.07806950364091102,8.03672197010754,69.82371116371787
