beta0,beta1,beta2,beta3,lambda0,lambda1
15.641857157717824,-1.2937213945825832,-1.5512865384825465,-1.5522407378768124,4.953010873011131,5.0187687855809795
