beta0,beta1,beta2,beta3,lambda0,lambda1
247527.3656750379,-247513.8526491878,-31490.18880374579,61216.35543065664,4237407.510163814,4228233.619830487
