beta0,beta1,beta2,beta3,lambda0,lambda1
59.69386164133579,-42.322479409676944,-93.28615071324661,26.558301623029184,55.68173762739251,53.44619779206478
