beta0,beta1,beta2,beta3,lambda0,lambda1
15.01573156844066,-1.6706217660651965,-8.547325655253857,3.210457525318433,6.346231385599362,15.935081717044863
