beta0,beta1,beta2,beta3,lambda0,lambda1
15.333655952960473,-5.0335041407424015,-5.160414487056575,-4.846411252870618,3.0686691895019163,2.08855003175965
