beta0,beta1,beta2,beta3,lambda0,lambda1
30.716848578370758,-13.647037826817726,-32.354169146994664,26.63761878030217,69.97039550208422,1278.2669274873783
