beta0,beta1,beta2,beta3,lambda0,lambda1
18.65985101577267,-8.112622213897772,-10.675425308402376,-15.044664088292445,1.2902296698829187e-05,27.896922223958036
