beta0,beta1,beta2,beta3,lambda0,lambda1
-20465.823679325582,20486.791376036548,-126908.32202753975,-41226.310995521824,2476843.361390266,2057042.889971896
