beta0,beta1,beta2,beta3,lambda0,lambda1
17.512014976622208,2.3254411185172548,3.478631094760553,3.2473211538118085,7.290935895244111,5.8482821353175725
