beta0,beta1,beta2,beta3,lambda0,lambda1
15.370082349922239,1.2850881948252537,0.17259838610508194,-0.13624483944372295,6.606859022694438,1.4200737244430495
