beta0,beta1,beta2,beta3,lambda0,lambda1
15.37054993760161,0.850614706223526,0.5146803525036086,0.5145986949667253,5.014032605417868,4.985658078692099
