beta0,beta1,beta2,beta3,lambda0,lambda1
14.41217296831838,1.5803164270562957,-0.1417460371206833,0.0550861309868604,22.431649352225733,1.732360476762837
