beta0,beta1,beta2,beta3,lambda0,lambda1
14.502117535429404,-0.3155198798454378,2.05436345835859,1.7351036466394554,7.4019577452606775,6.884716985532003
