beta0,beta1,beta2,beta3,lambda0,lambda1
18.45130517467862,-6.596926532690033,-2.0521791309503166,1.9608988153889717,45.218100484495366,5.929237080344018
