beta0,beta1,beta2,beta3,lambda0,lambda1
17.320834834575543,-5.525593046475163,-7.668187766766094,-10.194391202634057,1.5278118137736987,17.92027614781614
