beta0,beta1,beta2,beta3,lambda0,lambda1
16.33125850440895,72.68513191968067,40.76590175023581,-8.887746615165204,0.5148131537085872,10.595696978403003
