beta0,beta1,beta2,beta3,lambda0,lambda1
15.128099179630613,19.425415924840912,-4.441037426739678,2.0038417287668437,2.7649433706836253,0.0008469782412516725
