beta0,beta1,beta2,beta3,lambda0,lambda1
20.474393676563352,167.97647094522216,-279.94286657200814,-16.502793334382538,2.2102715801913853,89.53914883573148
