beta0,beta1,beta2,beta3,lambda0,lambda1
13.675009517971766,0.9223488017731187,3.1401443463897124e-15,3.379632548205248e-15,3.082025002229479e-09,6.608930565897854
