beta0,beta1,beta2,beta3,lambda0,lambda1
15.579790734127446,-2.8509997523421022,-3.95780894471713,-3.9593169254241403,4.01794998360338,4.951559479193556
