beta0,beta1,beta2,beta3,lambda0,lambda1
15.700944255605698,-5.64053197473195,-1.1648835853111592,2.9234164713434225,2.4407482025601865,19.051889436625842
