beta0,beta1,beta2,beta3,lambda0,lambda1
0.8919179571897009,7.910558200632612,17.91724364391644,21.32889190184422,48.71848276551715,38.82465783730579
