beta0,beta1,beta2,beta3,lambda0,lambda1
14.664542205966713,0.7959344023094972,0.2819174941432622,0.25600282615829206,9.516578702644441e-06,9.332445537726095e-06
