beta0,beta1,beta2,beta3,lambda0,lambda1
16.621494425960844,-12.950816436678556,-14.321668562970828,-14.719590642775241,2.7298965897654504,5.923669108692123
