beta0,beta1,beta2,beta3,lambda0,lambda1
-39.47489953318643,94.22425018989384,-516.3112787927082,569.2660069102456,17.064118288197818,21.8958249958187
