beta0,beta1,beta2,beta3,lambda0,lambda1
-1124.290283403432,1139.5636444853915,771.001806012697,611.470582301298,240.26065520140907,316.35946280699477
