beta0,beta1,beta2,beta3,lambda0,lambda1
16.980618661544966,-5.27138642635591,0.03536943260501649,-0.0361271466505555,44.09000427957977,11.052814076034736
