beta0,beta1,beta2,beta3,lambda0,lambda1
16.02869637881866,-3.9679382397227942,-0.7591261421372564,-4.296954587589527,12.611882061038344,12.76941955722393
