beta0,beta1,beta2,beta3,lambda0,lambda1
17.843369024991418,4.073171708249996,-3.1474616438789482,-2.930539055858853,6.501267612923081e-10,26.363503625795346
