beta0,beta1,beta2,beta3,lambda0,lambda1
17.301855281467844,1.3906788591556485,-2.302728132283286,-2.3106172027448966,4.854377130112062,5.237019944438364
