beta0,beta1,beta2,beta3,lambda0,lambda1
38.849968233523015,-25.075012707691698,0.12527481623592868,0.6102692222615285,2047.5287394578636,1.4538261937370418
