beta0,beta1,beta2,beta3,lambda0,lambda1
14.272213385699853,0.048224557119218796,-0.0017754395721802587,-0.0017754395721802587,4.999982246604555,5.0
