beta0,beta1,beta2,beta3,lambda0,lambda1
15.982264446051616,-22.14363102714517,9.466733496129331,1.7894782479246958,11.495276749426383,2.2770847230100633
