beta0,beta1,beta2,beta3,lambda0,lambda1
-4.864958217682863,17.508553006823554,10.02678731143633,-49.683304867053295,-83.60580693684892,1.5378976863074083
