beta0,beta1,beta2,beta3,lambda0,lambda1
10.604880426303868,95.17024560364102,2.8398467558532582e-14,2.09432279080755e-13,8.158953110609945,36.691613497994894
