beta0,beta1,beta2,beta3,lambda0,lambda1
10.603967980541531,35.001300120872855,34.13251523147497,34.277716207865325,9.193601021414803,4.114474344836267
