beta0,beta1,beta2,beta3,lambda0,lambda1
13.904160054966358,-8.62826828646066,2.7057617950751345,3.2869634944078543,5.919669860304719,11.375809786211875
