beta0,beta1,beta2,beta3,lambda0,lambda1
14.515511768701995,-3.7841764243082943,-3.312242229705114,-3.207901523087271,4.112270089601794,4.940083548430928
