beta0,beta1,beta2,beta3,lambda0,lambda1
11.861318860120562,-372.14825538769503,-84.59928733779151,69.88147664745179,0.0027483465604675166,1029.4395775077337
