beta0,beta1,beta2,beta3,lambda0,lambda1
15.433831252871,-5.363569811354231,-6.803226084506075,-6.8683449198287985,4.533291077011618,5.710675433308407
