beta0,beta1,beta2,beta3,lambda0,lambda1
18.852155206758916,-928.3112498166834,481.0833738607221,-151.17808245576754,0.3034507309218615,0.7489965003600081
