beta0,beta1,beta2,beta3,lambda0,lambda1
18.225350416932123,9.138234933814307,1.2290831846585797,-5.264025719842145,3.6618469017358476e-11,17.365605690470673
