beta0,beta1,beta2,beta3,lambda0,lambda1
19.33735893771279,-10.243944302064556,-10.856659433714306,-10.997953941058046,3.6616475417024676,5.090153493765039
