beta0,beta1,beta2,beta3,lambda0,lambda1
21.573190728625093,266.59933049300275,-385.31079420437004,-18.95867706599904,1.6779269399833945,71.55807306560274
