beta0,beta1,beta2,beta3,lambda0,lambda1
-17.65669933092234,924.2052362084446,-487.9459627866868,104.24506948690987,0.39389687400558004,33.176032413286336
