beta0,beta1,beta2,beta3,lambda0,lambda1
17.854654895118507,1723.8049916816146,-1121.2363995896105,-1238.2937909010657,1.4944326070583285,0.7874648763309801
