beta0,beta1,beta2,beta3,lambda0,lambda1
30.108185667808016,-570.6579432366759,-73.12898073993631,-46.19736207084138,0.14966165248351182,33.737226436208346
