beta0,beta1,beta2,beta3,lambda0,lambda1
146.43000133124892,-128.71796958462818,-78.95242298024762,-122.98280972727413,118.68284236011736,184.91206669434712
