beta0,beta1,beta2,beta3,lambda0,lambda1
14.25,3.039999999999999,-0.12828571428571323,-0.12828571428571323,5.0,5.0
