beta0,beta1,beta2,beta3,lambda0,lambda1
71088.38905396513,-71076.07015348709,6330.59001364617,-15142.837236671883,1421959.810244952,4422962.274227423
