beta0,beta1,beta2,beta3,lambda0,lambda1
16.444284872874846,-9.534443283303528,-11.705352028425509,-12.339032704180848,3.2578789679608273,6.804646458137744
