beta0,beta1,beta2,beta3,lambda0,lambda1
18.247171404184513,0.5026921168143521,0.02794038843349811,0.03288090258855314,1.2012690713704405e-06,6.08552114283918
