beta0,beta1,beta2,beta3,lambda0,lambda1
19.182022964849427,6.264047482103415,-5.832069425183464,-6.418165604836629,13.250616794560685,14.271641536071618
